{
  "type": "sg:silent_desert_type",
  "generator": {
    "seed": 0,
    "type": "minecraft:noise",
    "biome_source": {
      "type": "minecraft:fixed",
      "biome": "minecraft:the_void"
    },
    "settings": {
      "bedrock_roof_position": -1,
      "bedrock_floor_position": 0,
      "sea_level": 128,
      "disable_mob_generation": true,
      "structures": {
        "structures": {
        }
      },
      "noise": {
        "top_slide": {
          "target": 0,
          "size": 0,
          "offset": 0
        },
        "bottom_slide": {
          "target": 10,
          "size": 16,
          "offset": 0
        },
        "sampling": {
          "xz_scale": 1.0,
          "xz_factor": 1,
          "y_scale": 1.0,
          "y_factor": 1
        },
        "size_vertical": 2,
        "size_horizontal": 1,
        "height": 200,
        "density_factor": 0.7,
        "density_offset": 0.2,
        "simplex_surface_noise": true,
        "amplified": false
      },
      "default_block": {
        "Name": "minecraft:pink_terracotta"
      },
      "default_fluid": {
        "Name": "minecraft:purple_stained_glass"
      }
    }
  }
}
