{
  "type": "sg:the_birchism_type",
  "generator": {
    "seed": 0,
    "type": "minecraft:noise",
    "biome_source": {
			"type": "minecraft:multi_noise",
			"seed": 0,
			"large_biomes": true,
			"biomes": [
				{
					"parameters": {
						"altitude": 0.00,
						"weirdness": 0.00,
						"offset": 0.00,
						"temperature": 0.00,
						"humidity": 0.00
					},
					"biome": "minecraft:birch_forest_hills"
				},
				{
					"parameters": {
						"altitude": 0.00,
						"weirdness": 0.00,
						"offset": 0.00,
						"temperature": 0.00,
						"humidity": 0.00
					},
          "biome": "minecraft:plains"
				}
			],
      "altitude_noise": {
        "firstOctave": 1,
        "amplitudes": [
          0.0
        ]
      },
      "weirdness_noise": {
        "firstOctave": 1,
        "amplitudes": [
          0.0
        ]
      },
      "temperature_noise": {
        "firstOctave": 1,
        "amplitudes": [
          0.0
        ]
      },
      "humidity_noise": {
        "firstOctave": 1,
        "amplitudes": [
          0.0
        ]
      }
		},
    "settings": {
      "bedrock_roof_position": -1,
      "bedrock_floor_position": 0,
      "sea_level": 128,
      "disable_mob_generation": false,
      "structures": {
        "structures": {
          "minecraft:mineshaft": {
						"spacing": 2,
						"separation": 1,
						"salt": 0
					}
        }
      },
      "noise": {
        "top_slide": {
          "target": 0,
          "size": 0,
          "offset": 0
        },
        "bottom_slide": {
          "target": 10,
          "size": 16,
          "offset": 0
        },
        "sampling": {
          "xz_scale": 1.0,
          "xz_factor": 1,
          "y_scale": 1.0,
          "y_factor": 1
        },
        "size_vertical": 2,
        "size_horizontal": 1,
        "height": 200,
        "density_factor": 0.8,
        "density_offset": 0.2,
        "simplex_surface_noise": true,
        "amplified": true
      },
      "default_block": {
        "Name": "minecraft:birch_wood",
        "Properties": {
          "axis": "x"
        }
      },
      "default_fluid": {
        "Name": "minecraft:birch_planks"
      }
    }
  }
}
