{
  "display": {
    "icon": {
      "item": "minecraft:snowball"
    },
    "title": {"translate": "advancements.sg.the_birchism.ingredients"},
    "frame": "task",
    "description": {"translate": "advancements.sg.the_birchism.ingredients.description"}
  },
  "parent": "minecraft:story/root",
  "criteria": {
    "foo": {
      "trigger": "minecraft:inventory_changed",
      "conditions": {
        "items": [
          {
            "count": {
              "min": 4
            },
            "item": "stripped_birch_wood"
          },
          {
            "count": {
              "min": 1
            },
            "item": "snowball"
          }
        ]
      }
    }
  }
}
