{
  "display": {
    "icon": {
      "item": "minecraft:birch_wood"
    },
    "title": {"translate": "advancements.sg.the_birchism.root"},
    "frame": "task",
    "description": {"translate": "advancements.sg.the_birchism.root.description"},
    "background": "minecraft:textures/block/birch_log.png"
  },
  "criteria": {
    "foo": {
      "trigger": "minecraft:changed_dimension",
      "conditions": {
        "from": "minecraft:overworld",
        "to": "sg:the_birchism"
      }
    }
  }
}
