{
  "display": {
    "icon": {
      "item": "minecraft:command_block",
      "nbt": "{CustomModelData:1}"
    },
    "title": {"translate": "advancements.sg.the_birchism.silent_birch_kill"},
    "frame": "goal",
    "description": {"translate": "advancements.sg.the_birchism.silent_birch_kill.description"}
  },
  "parent": "sg:the_birchism/silent_birch_forest",
  "criteria": {
    "foo": {
      "trigger": "minecraft:inventory_changed",
      "conditions": {
        "items": [
          {
            "count": {
              "min": 1
            },
            "item": "minecraft:command_block",
            "nbt": "{CustomModelData:1}"
          }
        ]
      }
    }
  }
}
