{
	"textures": {
		"0": "entity/end_crystal/end_crystal",
		"particle": "end_crystal"
	},
	"elements": [
		{
			"from": [0, 0, 0],
			"to": [16, 16, 16],
			"faces": {
				"north": {"uv": [12, 0, 14, 4], "texture": "#0"},
				"east": {"uv": [10, 4, 12, 8], "texture": "#0"},
				"south": {"uv": [10, 0, 12, 4], "texture": "#0"},
				"west": {"uv": [8, 4, 10, 8], "texture": "#0"},
				"up": {"uv": [12, 4, 14, 8], "texture": "#0"},
				"down": {"uv": [14, 4, 16, 8], "texture": "#0"}
			}
		}
	],
	"display": {
		"thirdperson_righthand": {
			"rotation": [75, 45, 0],
			"translation": [0, 2.5, 0],
			"scale": [0.375, 0.375, 0.375]
		},
		"thirdperson_lefthand": {
			"rotation": [75, 45, 0],
			"translation": [0, 2.5, 0],
			"scale": [0.375, 0.375, 0.375]
		},
		"firstperson_righthand": {
			"rotation": [0, 45, 0],
			"scale": [0.4, 0.4, 0.4]
		},
		"firstperson_lefthand": {
			"rotation": [0, 225, 0],
			"scale": [0.4, 0.4, 0.4]
		},
		"ground": {
			"translation": [0, 3, 0],
			"scale": [0.25, 0.25, 0.25]
		},
		"gui": {
			"rotation": [30, 225, 0],
			"scale": [0.4, 0.4, 0.4]
		},
		"head": {
			"translation": [0, -45, 0]
		},
		"fixed": {
			"scale": [0.5, 0.5, 0.5]
		}
	}
}
