{
  "display": {
    "icon": {
      "item": "minecraft:dirt"
    },
    "title": {"text": "trigger"},
    "frame": "task",
    "description": {"text": "trigger"},
    "snow_toast": false,
    "announce_to_chat": false,
    "hidden": true,
    "parent": "sg:trigger/root"
  },
  "criteria": {
    "foo": {
      "trigger": "minecraft:player_killed_entity",
      "conditions": {
        "entity": {
          "type": "minecraft:piglin_brute",
          "nbt": "{Tags:['boss']}"
        }
      }
    }
  },
  "rewards": {
    "function": "sg:boss/death"
  }
}
