{
  "display": {
    "icon": {
      "item": "minecraft:dirt"
    },
    "title": {"text": "trigger"},
    "frame": "task",
    "description": {"text": "trigger"},
    "snow_toast": false,
    "announce_to_chat": false,
    "hidden": true,
    "parent": "sg:trigger/root"
  },
  "criteria": {
    "foo": {
      "trigger": "minecraft:item_used_on_block",
      "conditions": {
        "location": {
          "block": {
            "block": "minecraft:smithing_table"
          }
        }
      }
    }
  },
  "rewards": {
    "function": "sg:smithing/open"
  }
}
