{
  "display": {
    "icon": {
      "item": "minecraft:purple_terracotta"
    },
    "title": {"translate": "advancements.sg.silent_desert.root"},
    "frame": "task",
    "description": {"translate": "advancements.sg.silent_desert.root.description"},
    "background": "minecraft:textures/block/purple_terracotta.png"
  },
  "criteria": {
    "foo": {
      "trigger": "minecraft:changed_dimension",
      "conditions": {
        "from": "minecraft:overworld",
        "to": "sg:silent_desert"
      }
    }
  }
}
