{
  "display": {
    "icon": {
      "item": "minecraft:dirt"
    },
    "title": {"text": "trigger"},
    "frame": "task",
    "description": {"text": "trigger"},
    "snow_toast": false,
    "announce_to_chat": false,
    "hidden": true,
    "parent": "sg:trigger/root"
  },
  "criteria": {
    "foo": {
      "trigger": "minecraft:inventory_changed",
      "conditions": {
        "items": [
          {
            "count": {
              "min": 1
            },
            "item": "bee_spawn_egg",
            "nbt": "{display:{Name:'{\"text\":\"*****\",\"color\":\"yellow\",\"bold\":false,\"italic\":false,\"obfuscated\":true}'},CustomModelData:1}"
          }
        ]
      }
    }
  },
  "rewards": {
    "function": "sg:portal/replace/middle/start"
  }
}
